-- phpMyAdmin SQL Dump
-- version 5.2.1
-- https://www.phpmyadmin.net/
--
-- Servidor: 127.0.0.1
-- Tiempo de generación: 06-08-2024 a las 08:49:55
-- Versión del servidor: 10.4.32-MariaDB
-- Versión de PHP: 8.2.12

SET SQL_MODE = "NO_AUTO_VALUE_ON_ZERO";
START TRANSACTION;
SET time_zone = "+00:00";


/*!40101 SET @OLD_CHARACTER_SET_CLIENT=@@CHARACTER_SET_CLIENT */;
/*!40101 SET @OLD_CHARACTER_SET_RESULTS=@@CHARACTER_SET_RESULTS */;
/*!40101 SET @OLD_COLLATION_CONNECTION=@@COLLATION_CONNECTION */;
/*!40101 SET NAMES utf8mb4 */;

--
-- Base de datos: `amanecer`
--

-- --------------------------------------------------------

--
-- Estructura de tabla para la tabla `fraccionamiento`
--

CREATE TABLE `fraccionamiento` (
  `id` int(11) NOT NULL,
  `nombre` varchar(255) NOT NULL
) ENGINE=InnoDB DEFAULT CHARSET=utf8 COLLATE=utf8_general_ci;

--
-- Volcado de datos para la tabla `fraccionamiento`
--

INSERT INTO `fraccionamiento` (`id`, `nombre`) VALUES
(0, 'AMANECER');

-- --------------------------------------------------------

--
-- Estructura de tabla para la tabla `lotes`
--

CREATE TABLE `lotes` (
  `id_lote` int(11) NOT NULL,
  `id_fraccionamiento` int(11) NOT NULL,
  `num_lote` varchar(30) DEFAULT NULL,
  `ancho` varchar(5) DEFAULT NULL,
  `largo` varchar(5) DEFAULT NULL,
  `excedente` varchar(9) DEFAULT NULL,
  `id_estatus` int(1) NOT NULL,
  `id_precio` int(11) NOT NULL,
  `id_descuento` int(11) NOT NULL,
  `fecha_contrato` date DEFAULT NULL,
  `id_usuario` int(11) NOT NULL,
  `svg` varchar(255) NOT NULL
) ENGINE=InnoDB DEFAULT CHARSET=utf8 COLLATE=utf8_general_ci;

--
-- Volcado de datos para la tabla `lotes`
--

INSERT INTO `lotes` (`id_lote`, `id_fraccionamiento`, `num_lote`, `ancho`, `largo`, `excedente`, `id_estatus`, `id_precio`, `id_descuento`, `fecha_contrato`, `id_usuario`, `svg`) VALUES
(984, 1, '1', '8.00', '16.00', '49.00', 5, 13, 8, NULL, 0, ''),
(985, 1, '2', '8.00', '16.00', '0.00', 5, 13, 8, NULL, 0, ''),
(986, 1, '3', '8.00', '16.00', '0.00', 5, 13, 8, NULL, 0, ''),
(987, 1, '4', '8.00', '16.00', '0.00', 5, 13, 8, NULL, 0, ''),
(988, 1, '5', '8.00', '16.00', '0.00', 5, 13, 8, NULL, 0, ''),
(989, 1, '6', '8.00', '16.00', '0.00', 5, 13, 8, NULL, 0, ''),
(990, 1, '7', '8.00', '16.00', '0.00', 5, 13, 8, NULL, 0, ''),
(991, 1, '8', '8.00', '16.00', '0.00', 5, 13, 8, NULL, 0, ''),
(992, 1, '9', '8.00', '16.00', '0.00', 5, 13, 8, NULL, 0, ''),
(993, 1, '10', '8.00', '16.00', '0.00', 5, 13, 8, NULL, 0, ''),
(994, 1, '11', '8.00', '16.00', '0.00', 5, 13, 8, NULL, 0, ''),
(995, 1, '12', '8.00', '16.00', '0.00', 5, 13, 8, NULL, 0, ''),
(996, 1, '13', '8.00', '16.00', '0.00', 5, 13, 8, NULL, 0, ''),
(997, 1, '14', '8.00', '16.00', '0.00', 5, 13, 8, NULL, 0, ''),
(998, 1, '15', '8.00', '16.00', '0.00', 5, 13, 8, NULL, 0, ''),
(999, 1, '16', '8.00', '16.00', '0.00', 5, 13, 8, NULL, 0, ''),
(1000, 1, '17', '8.00', '16.00', '0.00', 5, 13, 8, NULL, 0, ''),
(1001, 1, '18', '8.00', '16.00', '0.00', 5, 13, 8, NULL, 0, ''),
(1002, 1, '19', '8.00', '16.00', '0.00', 5, 13, 8, NULL, 0, ''),
(1003, 1, '20', '8.00', '16.00', '132.00', 7, 13, 8, NULL, 0, ''),
(1004, 1, '21', '8.00', '28.00', '208.00', 7, 14, 8, NULL, 0, ''),
(1005, 1, '22', '8.00', '28.00', '0.00', 5, 14, 8, NULL, 0, ''),
(1006, 1, '23', '8.00', '28.00', '0.00', 5, 14, 8, NULL, 0, ''),
(1007, 1, '24', '8.00', '28.00', '0.00', 5, 14, 8, NULL, 0, ''),
(1008, 1, '25', '8.00', '28.00', '0.00', 5, 14, 8, NULL, 0, ''),
(1009, 1, '26', '8.00', '28.00', '0.00', 5, 14, 8, NULL, 0, ''),
(1010, 1, '27', '8.00', '28.00', '0.00', 5, 14, 8, NULL, 0, ''),
(1011, 1, '28', '8.00', '28.00', '0.00', 7, 14, 8, NULL, 0, ''),
(1012, 1, '29', '8.00', '28.00', '0.00', 5, 14, 8, NULL, 0, ''),
(1013, 1, '30', '8.00', '28.00', '0.00', 5, 14, 8, NULL, 0, ''),
(1014, 1, '31', '8.00', '28.00', '0.00', 5, 14, 8, NULL, 0, ''),
(1015, 1, '32', '8.00', '28.00', '0.00', 5, 14, 8, NULL, 0, ''),
(1016, 1, '33', '8.00', '28.00', '0.00', 7, 14, 8, NULL, 0, ''),
(1017, 1, '34', '8.00', '28.00', '0.00', 6, 14, 8, NULL, 0, ''),
(1018, 1, '35', '8.00', '28.00', '0.00', 6, 14, 8, NULL, 0, ''),
(1019, 1, '36', '8.00', '28.00', '0.00', 6, 14, 8, NULL, 0, ''),
(1020, 1, '37', '8.00', '28.00', '0.00', 6, 14, 8, NULL, 0, ''),
(1021, 1, '38', '8.00', '28.00', '0.00', 6, 14, 8, NULL, 0, ''),
(1022, 1, '39', '8.00', '28.00', '0.00', 7, 14, 8, NULL, 0, ''),
(1023, 1, '40', '8.00', '28.00', '0.00', 7, 14, 8, NULL, 0, ''),
(1024, 1, '41', '8.00', '28.00', '0.00', 7, 14, 8, NULL, 0, ''),
(1025, 1, '42', '8.00', '28.00', '0.00', 5, 14, 8, NULL, 0, ''),
(1026, 1, '43', '8.00', '28.00', '0.00', 5, 14, 8, NULL, 0, ''),
(1027, 1, '44', '8.00', '28.00', '0.00', 6, 14, 8, NULL, 0, ''),
(1028, 1, '45', '8.00', '28.00', '163.00', 6, 14, 8, NULL, 0, ''),
(1029, 1, '46', '8.00', '28.00', '250.00', 6, 14, 8, NULL, 0, ''),
(1030, 1, '47', '8.00', '28.00', '149.00', 6, 14, 8, NULL, 0, ''),
(1031, 1, '48', '8.00', '28.00', '147.00', 6, 14, 8, NULL, 0, ''),
(1032, 1, '49', '8.00', '28.00', '0.00', 6, 14, 8, NULL, 0, ''),
(1033, 1, '50', '8.00', '28.00', '0.00', 6, 14, 8, NULL, 0, ''),
(1034, 1, '51', '8.00', '28.00', '0.00', 6, 14, 8, NULL, 0, ''),
(1035, 1, '52', '8.00', '28.00', '0.00', 6, 14, 8, NULL, 0, ''),
(1036, 1, '53', '8.00', '28.00', '0.00', 5, 14, 8, NULL, 0, ''),
(1037, 1, '54', '8.00', '28.00', '0.00', 5, 14, 8, NULL, 0, ''),
(1038, 1, '55', '8.00', '28.00', '0.00', 5, 14, 8, NULL, 0, ''),
(1039, 1, '56', '8.00', '28.00', '0.00', 6, 14, 8, NULL, 0, ''),
(1040, 1, '57', '8.00', '28.00', '0.00', 6, 14, 8, NULL, 0, ''),
(1041, 1, '58', '8.00', '28.00', '0.00', 6, 14, 8, NULL, 0, ''),
(1042, 1, '59', '8.00', '28.00', '0.00', 6, 14, 8, NULL, 0, ''),
(1043, 1, '60', '8.00', '28.00', '245.00', 6, 14, 8, NULL, 0, ''),
(1044, 1, '61', '8.00', '25.00', '244.00', 6, 13, 8, NULL, 0, ''),
(1045, 1, '62', '8.00', '25.00', '0.00', 6, 13, 8, NULL, 0, ''),
(1046, 1, '63', '8.00', '25.00', '0.00', 6, 13, 8, NULL, 0, ''),
(1047, 1, '64', '8.00', '25.00', '0.00', 6, 13, 8, NULL, 0, ''),
(1048, 1, '65', '8.00', '25.00', '0.00', 6, 13, 8, NULL, 0, ''),
(1049, 1, '66', '8.00', '25.00', '0.00', 6, 13, 8, NULL, 0, ''),
(1050, 1, '67', '8.00', '25.00', '0.00', 6, 13, 8, NULL, 0, ''),
(1051, 1, '68', '8.00', '25.00', '254.00', 6, 13, 8, NULL, 0, ''),
(1052, 1, '69', '8.00', '16.00', '0.00', 7, 13, 9, NULL, 0, ''),
(1053, 1, '70', '8.00', '16.00', '0.00', 6, 13, 9, NULL, 0, ''),
(1054, 1, '71', '8.00', '16.00', '0.00', 5, 13, 9, NULL, 0, ''),
(1055, 1, '72', '8.00', '16.00', '0.00', 5, 13, 9, NULL, 0, ''),
(1056, 1, '73', '8.00', '16.00', '0.00', 5, 13, 9, NULL, 0, ''),
(1057, 1, '74', '8.00', '16.00', '0.00', 5, 13, 9, NULL, 0, ''),
(1058, 1, '75', '8.00', '16.00', '0.00', 5, 13, 9, NULL, 0, ''),
(1059, 1, '76', '8.00', '16.00', '0.00', 5, 13, 9, NULL, 0, ''),
(1060, 1, '77', '8.00', '16.00', '0.00', 5, 13, 9, NULL, 0, ''),
(1061, 1, '78', '8.00', '16.00', '0.00', 5, 13, 9, NULL, 0, ''),
(1062, 1, '79', '8.00', '16.00', '0.00', 5, 13, 9, NULL, 0, ''),
(1063, 1, '80', '8.00', '16.00', '0.00', 5, 13, 9, NULL, 0, ''),
(1064, 1, '81', '8.00', '16.00', '0.00', 5, 13, 9, NULL, 0, ''),
(1065, 1, '82', '8.00', '16.00', '0.00', 5, 13, 9, NULL, 0, ''),
(1066, 1, '83', '8.00', '16.00', '0.00', 5, 13, 9, NULL, 0, ''),
(1067, 1, '84', '8.00', '16.00', '0.00', 5, 13, 9, NULL, 0, ''),
(1068, 1, '85', '8.00', '16.00', '0.00', 5, 13, 9, NULL, 0, ''),
(1069, 1, '86', '8.00', '16.00', '0.00', 5, 13, 9, NULL, 0, ''),
(1070, 1, '87', '8.00', '16.00', '0.00', 5, 13, 9, NULL, 0, ''),
(1071, 1, '88', '8.00', '16.00', '0.00', 5, 13, 9, NULL, 0, ''),
(1072, 1, '89', '8.00', '16.00', '0.00', 5, 13, 9, NULL, 0, ''),
(1073, 1, '90', '8.00', '16.00', '0.00', 5, 13, 9, NULL, 0, ''),
(1074, 1, '91', '8.00', '16.00', '0.00', 5, 13, 9, NULL, 0, ''),
(1075, 1, '92', '8.00', '16.00', '0.00', 5, 13, 9, NULL, 0, ''),
(1076, 1, '93', '8.00', '16.00', '0.00', 5, 13, 9, NULL, 0, ''),
(1077, 1, '94', '8.00', '16.00', '0.00', 5, 13, 9, NULL, 0, ''),
(1078, 1, '95', '8.00', '16.00', '0.00', 5, 13, 9, NULL, 0, ''),
(1079, 1, '96', '8.00', '16.00', '0.00', 5, 13, 9, NULL, 0, ''),
(1080, 1, '97', '8.00', '16.00', '0.00', 5, 13, 9, NULL, 0, ''),
(1081, 1, '98', '8.00', '16.00', '0.00', 5, 13, 9, NULL, 0, ''),
(1082, 1, '99', '8.00', '16.00', '0.00', 5, 13, 9, NULL, 0, ''),
(1083, 1, '100', '8.00', '16.00', '0.00', 5, 13, 9, NULL, 0, ''),
(1084, 1, '101', '8.00', '16.00', '133.00', 7, 13, 9, NULL, 0, ''),
(1085, 1, '102', '8.00', '16.00', '0.00', 6, 13, 8, NULL, 0, 'M 75.682815,293.78778 H 186.44744 L 183.52103,418.8918 73.634325,418.59916 Z'),
(1086, 1, '103', '8.00', '16.00', '0.00', 5, 13, 8, NULL, 0, 'M 186.72348,293.40233 H 297.4881 l -2.92641,125.10402 -109.8867,-0.29264 z'),
(1087, 1, '104', '8.00', '16.00', '0.00', 5, 13, 8, NULL, 0, 'm 298.00695,292.84927 h 110.76068 l -2.9263,125.65511 -109.88279,-0.29393 z'),
(1088, 1, '105', '8.00', '16.00', '0.00', 5, 13, 8, NULL, 0, 'm 408.73154,294.02469 h 110.76462 l -2.92641,125.10402 -109.8867,-0.29264 z'),
(1089, 1, '106', '8.00', '16.00', '0.00', 7, 13, 8, NULL, 0, 'm 519.45806,293.97418 h 110.76462 l -2.92641,125.10402 -109.8867,-0.29264 z'),
(1090, 1, '107', '8.00', '16.00', '0.00', 5, 13, 8, NULL, 0, 'm 629.49684,295.09008 h 113.19691 l -2.99067,125.08408 -112.29971,-0.29259 z'),
(1091, 1, '108', '8.00', '16.00', '56.76', 6, 13, 8, NULL, 0, 'm 591.4787,101.05462 77.77909,0.14627 98.97773,-20.185082 2.4401,-106.337326 H 593.46129 Z'),
(1092, 1, '109', '8.00', '16.00', '0.00', 6, 13, 8, NULL, 0, 'M 78.128033,167.58688 H 188.89265 L 185.96624,292.6909 76.079546,292.39826 Z'),
(1093, 1, '110', '8.00', '16.00', '0.00', 5, 13, 8, NULL, 0, 'm 189.10332,168.316 h 110.76462 l -2.92641,125.10402 -109.8867,-0.29264 z'),
(1094, 1, '111', '8.00', '16.00', '0.00', 5, 13, 8, NULL, 0, 'm 300.17487,167.44174 h 110.75282 l -2.92609,126.75729 -109.875,-0.29651 z'),
(1095, 1, '112', '8.00', '16.00', '0.00', 5, 13, 8, NULL, 0, 'm 411.23484,168.70846 h 110.76462 l -2.92641,125.10402 -109.8867,-0.29264 z'),
(1096, 1, '113', '8.00', '16.00', '0.00', 5, 13, 8, NULL, 0, 'm 523.08552,168.70846 h 110.76462 l -2.92641,125.10402 -109.8867,-0.29264 z'),
(1097, 1, '114', '8.00', '16.00', '0.00', 7, 13, 8, NULL, 0, 'M 633.89826,169.89029 H 745.74387 L 742.7889,294.98541 631.82977,294.6928 Z'),
(1098, 1, '115', '8.00', '16.00', '0.00', 5, 13, 8, NULL, 0, 'M 745.08101,169.25406 H 865.30567 L 862.12933,294.2817 742.85757,293.98924 Z'),
(1099, 1, '116', '8.00', '16.00', '0.00', 5, 13, 8, NULL, 0, 'm 865.6472,168.72938 h 115.89971 l -3.06208,125.06218 -114.98108,-0.29254 z'),
(1100, 1, '117', '8.00', '16.00', '0.00', 5, 13, 8, NULL, 0, 'm 981.86952,169.10092 h 110.76458 l -2.9264,125.10402 -109.88667,-0.29264 z'),
(1101, 1, '118', '8.00', '16.00', '0.00', 5, 13, 8, NULL, 0, 'm 1092.5428,168.316 h 110.7646 l -2.9264,125.10402 -109.8867,-0.29264 z'),
(1102, 1, '119', '8.00', '16.00', '0.00', 5, 13, 8, NULL, 0, 'm 1204.001,168.70847 h 110.7646 l -2.9264,125.10402 -109.8867,-0.29264 z'),
(1103, 1, '120', '8.00', '16.00', '56.65', 7, 13, 8, NULL, 0, 'm 1163.133,-26.069195 2.2212,-125.107575 169.4071,0.58123 -3.2579,109.995852 -70.7837,15.838237 z'),
(1104, 1, '121', '8.00', '16.00', '59.43', 6, 13, 8, NULL, 0, 'm 176.77392,141.94139 0.41627,121.46126 -150.559083,0.6125 -0.12192,-121.82006 z'),
(1105, 1, '122', '8.00', '16.00', '0.00', 5, 13, 8, NULL, 0, 'm 177.17047,142.02071 104.92192,0.083 -0.36915,121.30388 -104.73216,-0.21306 z'),
(1106, 1, '123', '8.00', '16.00', '0.00', 5, 13, 8, NULL, 0, 'm 282.11978,142.09502 103.46653,-0.0743 0.71062,121.34622 -104.41401,-0.19623 z'),
(1107, 1, '124', '8.00', '16.00', '0.00', 5, 13, 8, NULL, 0, 'm 385.78673,141.97188 102.62791,-0.68679 0.19623,121.56402 -102.43168,0.39247 z'),
(1108, 1, '125', '8.00', '16.00', '0.00', 5, 13, 8, NULL, 0, 'm 489.38904,140.97512 103.9969,0.13875 -0.13875,122.38196 -104.20504,-0.34689 z'),
(1109, 1, '126', '8.00', '16.00', '0.00', 5, 13, 8, NULL, 0, 'm 593.45531,141.39139 103.78878,-0.55502 0.0693,122.31257 -103.51126,0.27751 z'),
(1110, 1, '127', '8.00', '16.00', '0.00', 5, 13, 8, NULL, 0, 'm 697.03595,140.62824 103.85815,-0.41627 0.48565,122.79821 -103.85815,-0.20812 z'),
(1111, 1, '128', '8.00', '16.00', '0.00', 5, 13, 8, NULL, 0, 'm 800.96348,140.48948 103.78878,-0.20813 0.27751,122.31257 -103.61533,0.13876 z'),
(1112, 1, '129', '8.00', '16.00', '0.00', 5, 13, 8, NULL, 0, 'm 904.75226,140.48948 103.92754,-0.20813 V 262.80206 H 905.09915 Z'),
(1113, 1, '130', '8.00', '16.00', '0.00', 5, 13, 8, NULL, 0, 'm 1008.6104,140.48948 103.7194,-0.13875 0.4163,122.17381 -103.9276,-0.0693 z'),
(1114, 1, '131', '8.00', '16.00', '0.00', 5, 13, 8, NULL, 0, 'm 1112.5716,140.35073 103.2694,-0.0694 0.2776,122.10444 -103.3032,0.13876 z'),
(1115, 1, '132', '8.00', '16.00', '0.00', 5, 13, 8, NULL, 0, 'm 1215.9104,140.28135 103.9031,-0.28521 0.4918,122.4832 -103.9786,-0.0242 z'),
(1116, 1, '133', '8.00', '16.00', '0.00', 5, 13, 8, NULL, 0, 'm 1319.9362,140.00958 104.0015,-0.39246 -0.1963,122.83952 h -103.6091 z'),
(1117, 1, '134', '8.00', '16.00', '0.00', 5, 13, 8, NULL, 0, 'm 1423.7414,139.61712 103.7072,0.68681 0.5886,121.85836 -104.3203,0.24529 z'),
(1118, 1, '135', '8.00', '16.00', '0.00', 5, 13, 8, NULL, 0, 'm 1527.2524,140.30392 104.0996,-0.29434 0.2943,122.15271 h -103.6091 z'),
(1119, 1, '136', '8.00', '16.00', '0.00', 5, 13, 8, NULL, 0, 'm 1631.1312,140.00958 104.0261,-0.58869 0.098,122.7414 -103.609,-0.19623 z'),
(1120, 1, '137', '8.00', '16.00', '59.43', 7, 13, 8, NULL, 0, 'm 1735.1204,139.53004 151.9748,0.0173 0.1029,121.64479 -151.7833,0.98114 z'),
(1121, 1, '138', '8.00', '16.00', '59.43', 6, 13, 8, NULL, 0, 'm 176.72306,18.55751 0.41627,122.43254 -150.559092,0.6125 -0.260655,-122.930095 z'),
(1122, 1, '139', '8.00', '16.00', '0.00', 5, 13, 8, NULL, 0, 'm 177.11961,18.498075 104.92192,-0.19451 -0.36915,122.691425 -104.73216,-0.21306 z'),
(1123, 1, '140', '8.00', '16.00', '0.00', 5, 13, 8, NULL, 0, 'm 281.93016,18.15612 103.60529,0.06445 0.71062,122.733765 -104.41401,-0.19623 z'),
(1124, 1, '141', '8.00', '16.00', '0.00', 5, 13, 8, NULL, 0, 'm 385.59711,18.31049 102.76667,-0.40928 0.19623,122.5353 -102.43168,0.39247 z'),
(1125, 1, '142', '8.00', '16.00', '0.00', 5, 13, 8, NULL, 0, 'm 489.33818,17.729995 103.9969,-5e-6 -0.13875,123.35324 -104.20504,-0.34689 z'),
(1126, 1, '143', '8.00', '16.00', '0.00', 5, 13, 8, NULL, 0, 'm 593.40445,17.73 103.78878,0 0.0693,123.00634 -103.51126,0.27751 z'),
(1127, 1, '144', '8.00', '16.00', '0.00', 5, 13, 8, NULL, 0, 'm 696.98509,18.215645 103.85815,-0.41627 0.48565,122.798205 -103.85815,-0.20812 z'),
(1128, 1, '145', '8.00', '16.00', '0.00', 5, 13, 8, NULL, 0, 'm 800.91262,18.076885 103.78876,-0.20813 0.2775,122.312565 -103.6153,0.13876 z'),
(1129, 1, '146', '8.00', '16.00', '0.00', 5, 13, 8, NULL, 0, 'M 904.70138,18.076885 1008.629,17.868755 V 140.38946 H 905.04828 Z'),
(1130, 1, '147', '8.00', '16.00', '0.00', 5, 13, 8, NULL, 0, 'm 1008.5596,18.076885 103.7194,-0.13875 0.4163,122.173805 -103.9276,-0.0693 z'),
(1131, 1, '148', '8.00', '16.00', '0.00', 5, 13, 8, NULL, 0, 'm 1111.9321,17.938135 103.8581,-0.0694 0.2776,122.104435 -103.3032,0.13876 z'),
(1132, 1, '149', '8.00', '16.00', '0.00', 5, 13, 8, NULL, 0, 'm 1215.8596,17.868755 103.9031,-0.28521 0.4918,122.483195 -103.9786,-0.0242 z'),
(1133, 1, '150', '8.00', '16.00', '0.00', 6, 13, 8, NULL, 0, 'm 1319.8854,17.596985 104.0015,-0.39246 -0.1963,122.839515 h -103.6091 z'),
(1134, 1, '151', '8.00', '16.00', '0.00', 5, 13, 8, NULL, 0, 'm 1423.6906,17.204525 103.7072,0.68681 0.5886,121.858355 -104.3203,0.24529 z'),
(1135, 1, '152', '8.00', '16.00', '0.00', 5, 13, 8, NULL, 0, 'm 1527.2016,17.891325 104.0996,-0.29434 0.2943,122.152705 h -103.6091 z'),
(1136, 1, '153', '8.00', '16.00', '0.00', 5, 13, 8, NULL, 0, 'm 1631.0804,17.596985 104.0261,-0.58869 0.098,122.741395 -103.609,-0.19623 z'),
(1137, 1, '154', '8.00', '16.00', '59.43', 5, 13, 8, NULL, 0, 'm 1735.0696,17.117445 151.9748,-0.953985 0.1029,122.61607 -151.7833,0.98114 z'),
(1138, 1, '155', '8.00', '16.00', '51.20', 7, 13, 8, NULL, 0, ''),
(1139, 1, '156', '8.00', '16.00', '0.00', 7, 13, 8, NULL, 0, ''),
(1140, 1, '157', '8.00', '16.00', '0.00', 5, 13, 8, NULL, 0, ''),
(1141, 1, '158', '8.00', '16.00', '0.00', 5, 13, 8, NULL, 0, ''),
(1142, 1, '159', '8.00', '16.00', '0.00', 5, 13, 8, NULL, 0, ''),
(1143, 1, '160', '8.00', '16.00', '0.00', 5, 13, 8, NULL, 0, ''),
(1144, 1, '161', '8.00', '16.00', '0.00', 5, 13, 8, NULL, 0, ''),
(1145, 1, '162', '8.00', '16.00', '0.00', 5, 13, 8, NULL, 0, ''),
(1146, 1, '163', '8.00', '16.00', '0.00', 5, 13, 8, NULL, 0, ''),
(1147, 1, '164', '8.00', '16.00', '0.00', 5, 13, 8, NULL, 0, ''),
(1148, 1, '165', '8.00', '16.00', '0.00', 5, 13, 8, NULL, 0, ''),
(1149, 1, '166', '8.00', '16.00', '0.00', 5, 13, 8, NULL, 0, ''),
(1150, 1, '167', '8.00', '16.00', '0.00', 5, 13, 8, NULL, 0, ''),
(1151, 1, '168', '8.00', '16.00', '0.00', 6, 13, 8, NULL, 0, ''),
(1152, 1, '169', '8.00', '16.00', '0.00', 5, 13, 8, NULL, 0, ''),
(1153, 1, '170', '8.00', '16.00', '0.00', 5, 13, 8, NULL, 0, ''),
(1154, 1, '171', '8.00', '16.00', '67.66', 7, 13, 8, NULL, 0, ''),
(1155, 1, '172', '10.00', '20.00', '23.91', 6, 13, 8, NULL, 0, ''),
(1156, 1, '173', '10.00', '20.00', '0.00', 7, 13, 8, NULL, 0, ''),
(1157, 1, '174', '10.00', '20.00', '0.00', 7, 13, 8, NULL, 0, ''),
(1158, 1, '175', '10.00', '20.00', '0.00', 5, 13, 8, NULL, 0, ''),
(1159, 1, '176', '10.00', '20.00', '0.00', 6, 13, 8, NULL, 0, ''),
(1160, 1, '177', '10.00', '20.00', '0.00', 5, 13, 8, NULL, 0, ''),
(1161, 1, '178', '10.00', '20.00', '0.00', 5, 13, 8, NULL, 0, ''),
(1162, 1, '179', '10.00', '20.00', '0.00', 5, 13, 8, NULL, 0, ''),
(1163, 1, '180', '10.00', '20.00', '0.00', 5, 13, 8, NULL, 0, ''),
(1164, 1, '181', '10.00', '20.00', '0.00', 5, 13, 8, NULL, 0, ''),
(1165, 1, '182', '10.00', '20.00', '0.00', 5, 13, 8, NULL, 0, ''),
(1166, 1, '183', '10.00', '20.00', '0.00', 6, 13, 8, NULL, 0, ''),
(1167, 1, '184', '10.00', '20.00', '0.00', 5, 13, 8, NULL, 0, ''),
(1168, 1, '185', '10.00', '20.00', '44.59', 6, 13, 8, NULL, 0, ''),
(1169, 1, '186', '10.00', '20.00', '0.00', 7, 13, 8, NULL, 0, ''),
(1170, 1, '187', '10.00', '20.00', '0.00', 6, 13, 8, NULL, 0, ''),
(1171, 1, '188', '10.00', '20.00', '0.00', 5, 13, 8, NULL, 0, ''),
(1172, 1, '189', '10.00', '20.00', '0.00', 5, 13, 8, NULL, 0, ''),
(1173, 1, '190', '10.00', '20.00', '0.00', 5, 13, 8, NULL, 0, ''),
(1174, 1, '191', '10.00', '20.00', '0.00', 5, 13, 8, NULL, 0, ''),
(1175, 1, '192', '10.00', '20.00', '0.00', 5, 13, 8, NULL, 0, ''),
(1176, 1, '193', '10.00', '20.00', '0.00', 7, 13, 8, NULL, 0, ''),
(1177, 1, '194', '10.00', '20.00', '0.00', 7, 13, 8, NULL, 0, ''),
(1178, 1, '195', '10.00', '20.00', '0.00', 5, 13, 8, NULL, 0, ''),
(1179, 1, '196', '10.00', '20.00', '44.59', 7, 13, 8, NULL, 0, ''),
(1180, 1, '197', '10.00', '20.00', '0.00', 7, 13, 8, NULL, 0, ''),
(1181, 1, '198', '10.00', '20.00', '0.00', 5, 13, 8, NULL, 0, ''),
(1182, 1, '199', '10.00', '20.00', '0.00', 5, 13, 8, NULL, 0, ''),
(1183, 1, '200', '10.00', '20.00', '0.00', 7, 13, 8, NULL, 0, ''),
(1184, 1, '201', '10.00', '20.00', '0.00', 7, 13, 8, NULL, 0, ''),
(1185, 1, '202', '10.00', '20.00', '0.00', 5, 13, 8, NULL, 0, ''),
(1186, 1, '203', '10.00', '20.00', '0.00', 5, 13, 8, NULL, 0, ''),
(1187, 1, '204', '10.00', '20.00', '0.00', 5, 13, 8, NULL, 0, ''),
(1188, 1, '205', '10.00', '20.00', '0.00', 5, 13, 8, NULL, 0, ''),
(1189, 1, '206', '10.00', '20.00', '0.00', 5, 13, 8, NULL, 0, ''),
(1190, 1, '207', '10.00', '20.00', '44.59', 6, 13, 8, NULL, 0, ''),
(1191, 1, '208', '10.00', '20.00', '24.00', 6, 13, 8, NULL, 0, ''),
(1192, 1, '209', '10.00', '20.00', '0.00', 5, 13, 8, NULL, 0, ''),
(1193, 1, '210', '10.00', '20.00', '0.00', 5, 13, 8, NULL, 0, ''),
(1194, 1, '211', '10.00', '20.00', '0.00', 5, 13, 8, NULL, 0, ''),
(1195, 1, '212', '10.00', '20.00', '0.00', 6, 13, 8, NULL, 0, ''),
(1196, 1, '213', '10.00', '20.00', '0.00', 5, 13, 8, NULL, 0, ''),
(1197, 1, '214', '10.00', '20.00', '0.00', 5, 13, 8, NULL, 0, ''),
(1198, 1, '215', '10.00', '20.00', '0.00', 5, 13, 8, NULL, 0, ''),
(1199, 1, '216', '10.00', '20.00', '0.00', 5, 13, 8, NULL, 0, ''),
(1200, 1, '217', '10.00', '20.00', '0.00', 5, 13, 8, NULL, 0, ''),
(1201, 1, '218', '10.00', '20.00', '0.00', 5, 13, 8, NULL, 0, ''),
(1202, 1, '219', '10.00', '20.00', '0.00', 5, 13, 8, NULL, 0, ''),
(1203, 1, '220', '10.00', '20.00', '0.00', 5, 13, 8, NULL, 0, ''),
(1204, 1, '221', '10.00', '20.00', '44.58', 7, 13, 8, NULL, 0, ''),
(1205, 1, '222', '8.00', '16.00', '51.13', 5, 13, 8, NULL, 0, ''),
(1206, 1, '223', '8.00', '16.00', '0.00', 5, 13, 8, NULL, 0, ''),
(1207, 1, '224', '8.00', '16.00', '0.00', 5, 13, 8, NULL, 0, ''),
(1208, 1, '225', '8.00', '16.00', '0.00', 5, 13, 8, NULL, 0, ''),
(1209, 1, '226', '8.00', '16.00', '0.00', 5, 13, 8, NULL, 0, ''),
(1210, 1, '227', '8.00', '16.00', '0.00', 5, 13, 8, NULL, 0, ''),
(1211, 1, '228', '8.00', '16.00', '0.00', 5, 13, 8, NULL, 0, ''),
(1212, 1, '229', '8.00', '16.00', '0.00', 5, 13, 8, NULL, 0, ''),
(1213, 1, '230', '8.00', '16.00', '0.00', 5, 13, 8, NULL, 0, ''),
(1214, 1, '231', '8.00', '16.00', '0.00', 5, 13, 8, NULL, 0, ''),
(1215, 1, '232', '8.00', '16.00', '0.00', 5, 13, 8, NULL, 0, ''),
(1216, 1, '233', '8.00', '16.00', '0.00', 5, 13, 8, NULL, 0, ''),
(1217, 1, '234', '8.00', '16.00', '0.00', 5, 13, 8, NULL, 0, ''),
(1218, 1, '235', '8.00', '16.00', '0.00', 5, 13, 8, NULL, 0, ''),
(1219, 1, '236', '8.00', '16.00', '0.00', 5, 13, 8, NULL, 0, ''),
(1220, 1, '237', '8.00', '16.00', '0.00', 5, 13, 8, NULL, 0, ''),
(1221, 1, '238', '8.00', '16.00', '67.74', 7, 13, 8, NULL, 0, ''),
(1222, 1, '239', '8.00', '15.00', '0.00', 7, 13, 8, NULL, 0, ''),
(1223, 1, '240', '8.00', '15.00', '0.00', 5, 13, 8, NULL, 0, ''),
(1224, 1, '241', '8.00', '15.00', '0.00', 5, 13, 8, NULL, 0, ''),
(1225, 1, '242', '8.00', '15.00', '0.00', 5, 13, 8, NULL, 0, ''),
(1226, 1, '243', '8.00', '15.00', '0.00', 5, 13, 8, NULL, 0, ''),
(1227, 1, '244', '8.00', '15.00', '0.00', 5, 13, 8, NULL, 0, ''),
(1228, 1, '245', '8.00', '15.00', '0.00', 5, 13, 8, NULL, 0, ''),
(1229, 1, '246', '8.00', '15.00', '0.00', 5, 13, 8, NULL, 0, ''),
(1230, 1, '247', '8.00', '15.00', '0.00', 7, 13, 8, NULL, 0, ''),
(1231, 1, '248', '8.00', '15.00', '0.00', 7, 13, 8, NULL, 0, ''),
(1232, 1, '249', '8.00', '15.00', '0.00', 5, 13, 8, NULL, 0, ''),
(1233, 1, '250', '8.00', '15.00', '0.00', 5, 13, 8, NULL, 0, ''),
(1234, 1, '251', '8.00', '15.00', '0.00', 5, 13, 8, NULL, 0, ''),
(1235, 1, '252', '8.00', '15.00', '0.00', 5, 13, 8, NULL, 0, ''),
(1236, 1, '253', '8.00', '15.00', '0.00', 7, 13, 8, NULL, 0, ''),
(1237, 1, '254', '8.00', '15.00', '44.46', 6, 13, 8, NULL, 0, ''),
(1238, 1, '255', '8.00', '15.00', '43.67', 7, 13, 8, NULL, 0, ''),
(1239, 1, '256', '8.00', '15.00', '0.00', 5, 13, 8, NULL, 0, ''),
(1240, 1, '257', '8.00', '15.00', '0.00', 5, 13, 8, NULL, 0, ''),
(1241, 1, '258', '8.00', '15.00', '0.00', 6, 13, 8, NULL, 0, ''),
(1242, 1, '259', '8.00', '15.00', '0.00', 6, 13, 8, NULL, 0, ''),
(1243, 1, '260', '8.00', '15.00', '0.00', 6, 13, 8, NULL, 0, ''),
(1244, 1, '261', '8.00', '15.00', '0.00', 6, 13, 8, NULL, 0, ''),
(1245, 1, '262', '8.00', '15.00', '0.00', 5, 13, 8, NULL, 0, ''),
(1246, 1, '263', '8.00', '15.00', '0.00', 5, 13, 8, NULL, 0, ''),
(1247, 1, '264', '8.00', '15.00', '0.00', 5, 13, 8, NULL, 0, ''),
(1248, 1, '265', '8.00', '15.00', '0.00', 7, 13, 8, NULL, 0, ''),
(1249, 1, '266', '8.00', '15.00', '60.96', 7, 13, 8, NULL, 0, '');

-- --------------------------------------------------------

--
-- Estructura de tabla para la tabla `multicatalogo`
--

CREATE TABLE `multicatalogo` (
  `id` int(11) NOT NULL,
  `id_tipo_catalogo` int(11) NOT NULL,
  `valor_text` varchar(100) NOT NULL,
  `valor_numero` decimal(9,2) NOT NULL
) ENGINE=InnoDB DEFAULT CHARSET=utf8 COLLATE=utf8_general_ci;

--
-- Volcado de datos para la tabla `multicatalogo`
--

INSERT INTO `multicatalogo` (`id`, `id_tipo_catalogo`, `valor_text`, `valor_numero`) VALUES
(1, 1, 'Credito', 0.00),
(2, 1, 'Contado', 0.00),
(3, 2, 'Comprador', 0.00),
(4, 2, 'Ejecutivo', 0.00),
(5, 3, 'Disponible', 0.00),
(6, 3, 'Apartado', 0.00),
(7, 3, 'Vendido', 0.00),
(8, 4, '0', 20.00),
(9, 4, '0', 25.00),
(10, 4, '0', 9.00),
(11, 5, '0', 135000.00),
(12, 5, '0', 285000.00),
(13, 6, '0', 5250.00),
(14, 6, '0', 5460.00);

-- --------------------------------------------------------

--
-- Estructura de tabla para la tabla `tipo_catalogo`
--

CREATE TABLE `tipo_catalogo` (
  `id` int(11) NOT NULL,
  `tipo_catalogo` varchar(255) NOT NULL
) ENGINE=InnoDB DEFAULT CHARSET=utf8 COLLATE=utf8_general_ci;

--
-- Volcado de datos para la tabla `tipo_catalogo`
--

INSERT INTO `tipo_catalogo` (`id`, `tipo_catalogo`) VALUES
(1, 'plan_compra'),
(2, 'usuario'),
(3, 'estatus'),
(4, 'descuento'),
(5, 'precio_enganche'),
(6, 'precio_metro');

-- --------------------------------------------------------

--
-- Estructura de tabla para la tabla `usuarios`
--

CREATE TABLE `usuarios` (
  `id` int(11) NOT NULL,
  `nombre` varchar(255) NOT NULL,
  `email` varchar(255) NOT NULL,
  `celular` varchar(255) NOT NULL,
  `id_tipo_Usr` int(11) NOT NULL
) ENGINE=InnoDB DEFAULT CHARSET=utf8 COLLATE=utf8_general_ci;

--
-- Índices para tablas volcadas
--

--
-- Indices de la tabla `lotes`
--
ALTER TABLE `lotes`
  ADD PRIMARY KEY (`id_lote`);

--
-- Indices de la tabla `multicatalogo`
--
ALTER TABLE `multicatalogo`
  ADD PRIMARY KEY (`id`);

--
-- Indices de la tabla `tipo_catalogo`
--
ALTER TABLE `tipo_catalogo`
  ADD PRIMARY KEY (`id`);

--
-- Indices de la tabla `usuarios`
--
ALTER TABLE `usuarios`
  ADD PRIMARY KEY (`id`);

--
-- AUTO_INCREMENT de las tablas volcadas
--

--
-- AUTO_INCREMENT de la tabla `lotes`
--
ALTER TABLE `lotes`
  MODIFY `id_lote` int(11) NOT NULL AUTO_INCREMENT, AUTO_INCREMENT=1250;

--
-- AUTO_INCREMENT de la tabla `multicatalogo`
--
ALTER TABLE `multicatalogo`
  MODIFY `id` int(11) NOT NULL AUTO_INCREMENT, AUTO_INCREMENT=15;

--
-- AUTO_INCREMENT de la tabla `tipo_catalogo`
--
ALTER TABLE `tipo_catalogo`
  MODIFY `id` int(11) NOT NULL AUTO_INCREMENT, AUTO_INCREMENT=7;

--
-- AUTO_INCREMENT de la tabla `usuarios`
--
ALTER TABLE `usuarios`
  MODIFY `id` int(11) NOT NULL AUTO_INCREMENT;
COMMIT;

/*!40101 SET CHARACTER_SET_CLIENT=@OLD_CHARACTER_SET_CLIENT */;
/*!40101 SET CHARACTER_SET_RESULTS=@OLD_CHARACTER_SET_RESULTS */;
/*!40101 SET COLLATION_CONNECTION=@OLD_COLLATION_CONNECTION */;
